"id","version","created_at","creator","updated_at","updater","start_date","end_date","salary_table","sheet_name","rows","cols","sny_flg","start_cell"
"1","4","2021-06-06 12:21:21+00:00","root","2021-06-20 06:20:57.822572+00:00","root","2019-04-01","","1010","行（一）","10","125","True","D7"
"3","2","2021-06-07 21:45:34+00:00","root","2021-06-13 12:05:52.783767+00:00","root","2019-04-01","","1020","行（二）","5","137","True","D7"
"2","4","2021-06-07 21:37:12+00:00","root","2021-06-13 12:05:41.833031+00:00","root","2019-04-01","","1110","専門行政","8","93","True","D7"
"36","1","2021-06-13 12:10:35.175939+00:00","root","2021-06-13 12:10:35.175939+00:00","root","2019-04-01","","1210","税務","10","93","True","D7"
"37","1","2021-06-13 12:11:23.076561+00:00","root","2021-06-13 12:11:23.076561+00:00","root","2019-04-01","","1310","公（一）","11","145","True","D7"
"38","1","2021-06-13 12:11:53.097933+00:00","root","2021-06-13 12:11:53.097933+00:00","root","2019-04-01","","1320","公（二）","10","101","True","D7"
"39","1","2021-06-13 12:12:35.421690+00:00","root","2021-06-13 12:12:35.421690+00:00","root","2019-04-01","","1410","海（一）","7","101","True","D7"
"40","1","2021-06-13 12:13:05.715895+00:00","root","2021-06-13 12:13:05.715895+00:00","root","2019-04-01","","1420","海（二）","6","113","True","D7"
"41","1","2021-06-13 12:13:38.683772+00:00","root","2021-06-13 12:13:38.683772+00:00","root","2019-04-01","","1510","教（一）","5","129","True","D7"
"42","1","2021-06-13 12:14:10.912758+00:00","root","2021-06-13 12:14:10.912758+00:00","root","2019-04-01","","1520","教（二）","3","141","True","D7"
"43","1","2021-06-13 12:14:49.393143+00:00","root","2021-06-13 12:14:49.393143+00:00","root","2019-04-01","","1610","研究","6","121","True","D7"
"44","1","2021-06-13 12:15:23.119978+00:00","root","2021-06-13 12:15:23.119978+00:00","root","2019-04-01","","1710","医（一）","5","97","True","D7"
"45","1","2021-06-13 12:16:01.784959+00:00","root","2021-06-13 12:16:01.784959+00:00","root","2019-04-01","","1720","医（二）","8","113","True","D7"
"46","1","2021-06-13 12:16:37.134587+00:00","root","2021-06-13 12:16:37.134587+00:00","root","2019-04-01","","1730","医（三）","7","169","True","D7"
"47","1","2021-06-13 12:17:06.726201+00:00","root","2021-06-13 12:17:06.726201+00:00","root","2019-04-01","","1810","福祉","6","153","True","D7"
"48","1","2021-06-13 12:18:33.604311+00:00","root","2021-06-13 12:18:33.604311+00:00","root","2019-04-01","","1910","任期付研究員・特定任","1","6","True","F5"
"49","1","2021-06-13 12:19:38.130975+00:00","root","2021-06-13 12:19:38.130975+00:00","root","2019-04-01","","1920","任期付研究員・特定任","1","3","True","F15"
"50","1","2021-06-13 12:20:14.387343+00:00","root","2021-06-13 12:20:14.387343+00:00","root","2019-04-01","","1930","任期付研究員・特定任","1","7","True","F23"
